{"J1R2YqSxUYvYYzn7wOZMDw==":"mbr-121x81.jpg","XX9+ZBvNoVRI34Xlzz5Stw==":"mbr-1646x1070.jpg","cv1935CqQnBM+JREiwfPdw==":"pinterest_profile_image-181x181.png","KX18TDGNNPohH9kYkeRWCA==":"logo-121x121.png","aMim4iAVjH/dh1UFZn6rag==":"linkedin_banner_image-2-1536x768.png","427A5rayomvIp7kGK8FfxQ==":"dig2-275x183.jpg","KBXf0SFjPLv1ikZ0oAlnRw==":"ima3-300x168.jpg","179NSI09kSWL1iYf/L8PJQ==":"eth6-383x132.jpg","cTPfV51306aRROCRVHneSA==":"splash-696x464.png","gxpEtLxBXXiI01xp5OXe4A==":"ready-dribbble.webp","CCwXdC98QAqaX6gkgb/dsw==":"dig1-377x134.jpg","KIVg3fCW6xCI3V2diJeVOw==":"ima3-1-300x168.jpg","qIdrtfSW3A/B+pvJ+LprlA==":"dig2-1-275x183.jpg","JX6Py2a9ujPnRsYNCwmKkg==":"logopit-1604607356161-1280x1280.jpg","WOp6Jpk8ZCixK01+5++1EA==":"mbr-1646x1097.jpg","dEpvNdjLG4994lIY8xsCMw==":"mbr-1920x960.png","VSHeiXo/freF0V6AGqYq6A==":"mbr-1920x1440.jpg","YUOrszws8SmXnx2t2L2GUw==":"mbr-1920x1080.jpg","S6M7WA+kOhvM8p3qOsFlTA==":"mbr-1-1920x1080.jpg","8yabSgjEVuMSomzftaf9xw==":"mbr-1920x1624.jpg","wuo2kKL/v07WlktL9Q9IkQ==":"mbr-1890x1920.png","qeAIlHdruXd3nQ74PEZpEg==":"mbr-1920x1378.jpg","+utVnN8mFf694rDdlv9pCA==":"mbr-1920x1280.png"}